{"cameraMode":{"drawMode":0,"name":"Shaded","section":"Shading Mode"},"sceneLighting":false,"audioPlay":false,"sceneViewState":{"showFog":true,"showMaterialUpdate":false,"showSkybox":true,"showFlares":true,"showImageEffects":true,"showParticleSystems":true},"in2DMode":false,"pivot":{"x":-277.2481689453125,"y":58.00558853149414,"z":-719.289306640625},"rotation":{"x":0.01630367338657379,"y":-0.3878868520259857,"z":-0.006862492300570011,"w":-0.9215373396873474},"size":29.982362747192384,"orthographic":false}